strategy,fills_prop,fills_pow3,total_prop,total_pow3,bps_prop,bps_pow3
touch,353,381,-0.4629,-0.4212,-0.8070196237046542,-0.7592527165096006
fixed h=2,365,368,-0.4849,-0.4751,-1.3013955984970478,-1.276755841608105
fixed h=10,218,212,-0.1902,-0.1902,-0.7934951751988953,-0.7934951751988953
fixed h=17,104,101,-0.1743,-0.1743,-1.2445288569327326,-1.2445288569327326
fixed h=100,1,1,-0.028,-0.028,-10.393466963622865,-10.393466963622865
as g=2.34e-05,102,98,-0.1222,-0.1222,-0.8725143693548963,-0.8725143693548963
as g=0.000234,122,118,-0.0905,-0.0905,-0.5894498251190298,-0.5894498251190298
as g=0.00234,66,60,-0.0703,-0.0722,-0.6525512619394603,-0.6701815616529908
as g=0.0234,38,39,-0.0187,-0.0308,-0.2315330708466434,-0.43500367210892044
